id,BarcodeSequence,LandUse,Diversity,Group,Stress
RDE1,CCTCGCATGACC,Cultivated,Pos,NA,Control
RDE10,GCGCGGCGTTGC,Cultivated,Neg,NA,Control
RDE11,GTCGCTTGCACA,Cultivated,D0,C_D0,Control
RDE12,TCCGCCTAGTCG,Cultivated,D0,C_D0,Control
RDE13,CGCGCAAGTATT,Cultivated,D0,C_D0,Control
RDE14,AATACAGACCTG,Cultivated,D0,C_D0,Control
RDE15,GGACAAGTGCGA,Cultivated,D0,C_D0,Control
RDE16,TACGGTCTGGAT,Cultivated,D0,C_D0,Antibiotic
RDE17,TTCAGTTCGTTA,Cultivated,D0,C_D0,Antibiotic
RDE18,CCGCGTCTCAAC,Cultivated,D0,C_D0,Antibiotic
RDE19,CCGAGGTATAAT,Cultivated,D0,C_D0,Antibiotic
RDE2,GGCGTAACGGCA,Cultivated,Pos,NA,Control
RDE20,AGATTCGCTCGA,Cultivated,D0,C_D0,Antibiotic
RDE21,TTGCCGCTCTGG,Cultivated,D1,C_D1,Control
RDE22,AGACTTCTCAGG,Cultivated,D1,C_D1,Control
RDE23,TCTTGCGGAGTC,Cultivated,D1,C_D1,Control
RDE24,CTATCTCCTGTC,Cultivated,D1,C_D1,Control
RDE25,AAGGCGCTCCTT,Cultivated,D1,C_D1,Control
RDE26,GATCTAATCGAG,Cultivated,D1,C_D1,Antibiotic
RDE27,CTGATGTACACG,Cultivated,D1,C_D1,Antibiotic
RDE28,ACGTATTCGAAG,Cultivated,D1,C_D1,Antibiotic
RDE29,GACGTTAAGAAT,Cultivated,D1,C_D1,Antibiotic
RDE3,GCGAGGAAGTCC,Cultivated,Pos,NA,Control
RDE30,TGGTGGAGTTTC,Cultivated,D1,C_D1,Antibiotic
RDE31,TTAACAAGGCAA,Cultivated,D2,C_D2,Control
RDE32,AACCGCATAAGT,Cultivated,D2,C_D2,Control
RDE33,CCACAACGATCA,Cultivated,D2,C_D2,Control
RDE34,AGTTCTCATTAA,Cultivated,D2,C_D2,Control
RDE35,GAGCCATCTGTA,Cultivated,D2,C_D2,Control
RDE36,GATATACCAGTG,Cultivated,D2,C_D2,Antibiotic
RDE37,CGCAATGAGGGA,Cultivated,D2,C_D2,Antibiotic
RDE38,CCGCAGCCGCAG,Cultivated,D2,C_D2,Antibiotic
RDE39,TGGAGCCTTGTC,Cultivated,D2,C_D2,Antibiotic
RDE4,CAAATTCGGGAT,Cultivated,Pos,NA,Control
RDE40,TTACTTATCCGA,Cultivated,D2,C_D2,Antibiotic
RDE41,ATGGGACCTTCA,Prairie,Pos,NA,Control
RDE42,TCCGATAATCGG,Prairie,Pos,NA,Control
RDE43,AAGTCACACACA,Prairie,Pos,NA,Control
RDE44,GAAGTAGCGAGC,Prairie,Pos,NA,Control
RDE45,CACCATCTCCGG,Prairie,Pos,NA,Control
RDE46,GTGTCGAGGGCA,Prairie,Neg,NA,Control
RDE47,TTCCACACGTGG,Prairie,Neg,NA,Control
RDE48,AGAATCCACCAC,Prairie,Neg,NA,Control
RDE49,ACGGCGTTATGT,Prairie,Neg,NA,Control
RDE5,TTGTGTCTCCCT,Cultivated,Pos,NA,Control
RDE50,GAACCGTGCAGG,Prairie,Neg,NA,Control
RDE51,ACGTGCCTTAGA,Prairie,D0,P_D0,Control
RDE52,AGTTGTAGTCCG,Prairie,D0,P_D0,Control
RDE53,AGGGACTTCAAT,Prairie,D0,P_D0,Control
RDE54,CGGCCAGAAGCA,Prairie,D0,P_D0,Control
RDE55,TGGCAGCGAGCC,Prairie,D0,P_D0,Control
RDE56,GTGAATGTTCGA,Prairie,D0,P_D0,Antibiotic
RDE57,TATGTTGACGGC,Prairie,D0,P_D0,Antibiotic
RDE58,AGTGTTTCGGAC,Prairie,D0,P_D0,Antibiotic
RDE59,ATTTCCGCTAAT,Prairie,D0,P_D0,Antibiotic
RDE6,CAATGTAGACAC,Cultivated,Neg,NA,Control
RDE60,CAAACCTATGGC,Prairie,D0,P_D0,Antibiotic
RDE61,CATTTGACGACG,Prairie,D1,P_D1,Control
RDE62,ACTAAGTACCCG,Prairie,D1,P_D1,Control
RDE63,CACCCTTGCGAC,Prairie,D1,P_D1,Control
RDE64,GATGCCTAATGA,Prairie,D1,P_D1,Control
RDE65,GTACGTCACTGA,Prairie,D1,P_D1,Control
RDE66,TCGCTACAGATG,Prairie,D1,P_D1,Antibiotic
RDE67,CCGGCTTATGTG,Prairie,D1,P_D1,Antibiotic
RDE68,ATAGTCCTTTAA,Prairie,D1,P_D1,Antibiotic
RDE69,TCGAGCCGATCT,Prairie,D1,P_D1,Antibiotic
RDE7,AACCACTAACCG,Cultivated,Neg,NA,Control
RDE70,AGTGCAGGAGCC,Prairie,D1,P_D1,Antibiotic
RDE71,GTACTCGAACCA,Prairie,D2,P_D2,Control
RDE72,ATAGGAATAACC,Prairie,D2,P_D2,Control
RDE73,GCTGCGTATACC,Prairie,D2,P_D2,Control
RDE74,CTCAGCGGGACG,Prairie,D2,P_D2,Control
RDE75,ATGCCTCGTAAG,Prairie,D2,P_D2,Control
RDE76,TTAGTTTGTCAC,Prairie,D2,P_D2,Antibiotic
RDE77,CCGGCCGCGTGC,Prairie,D2,P_D2,Antibiotic
RDE78,ATTATGATTATG,Prairie,D2,P_D2,Antibiotic
RDE79,CGAATACTGACA,Prairie,D2,P_D2,Antibiotic
RDE8,AACTTTCAGGAG,Cultivated,Neg,NA,Control
RDE80,TCTTATAACGCT,Prairie,D2,P_D2,Antibiotic
RDE9,CCAGGACAGGAA,Cultivated,Neg,NA,Control
